enzyme_mean,enzyme_std,integrity_mean,integrity_std,method,mg_ppi_mean,mg_ppi_std,obs_mode,ph_mean,ph_std,policy,ppi_mean,ppi_std,qa_yield_mean,qa_yield_std,rna_full_mean,rna_full_std,rna_trunc_mean,rna_trunc_std,stop_time_mean,stop_time_std,total_mg_fed_mean,total_mg_fed_std,total_ntp_fed_mean,total_ntp_fed_std,total_reward_mean,total_reward_std
0.3578052689179778,0.1902307070618351,0.8994329798102378,0.03244336897273533,ppo,0.012010657739179078,0.0325795205399799,noisy_missing,7.44970964794159,0.11456582271237177,discrete_mlp_ppo,0.5872613606601953,0.16374877795307718,0.8474526480019092,0.2287745825698839,1.0657840824484826,0.3109948469792576,0.12034388535134494,0.05607671057539022,64.0,0.0,0.3571279667556286,0.11507703117523913,3.0518932388067244,1.6504795096325813,5.621449973273277,1.87064902988151
