enzyme_mean,enzyme_std,integrity_mean,integrity_std,method,mg_ppi_mean,mg_ppi_std,obs_mode,ph_mean,ph_std,policy,ppi_mean,ppi_std,qa_yield_mean,qa_yield_std,rna_full_mean,rna_full_std,rna_trunc_mean,rna_trunc_std,stop_time_mean,stop_time_std,total_mg_fed_mean,total_mg_fed_std,total_ntp_fed_mean,total_ntp_fed_std,total_reward_mean,total_reward_std
0.35840725482702257,0.18610429291266534,0.8976254116773605,0.03242056995465914,ppo,0.0001475112013562466,0.0014933336851714466,oracle,7.449641066360473,0.11592090508181854,discrete_mlp_ppo,0.5983503248244524,0.16869563178636401,0.8475116381585598,0.2319372960548921,1.0617686310768129,0.3108668290743075,0.12238255111649632,0.05663878288803576,64.0,0.0,0.2339400056704879,0.10320255395925243,4.962343267345428,1.3146737669573956,5.379707453751564,1.8497838690440491
