enzyme_mean,enzyme_std,integrity_mean,integrity_std,method,mg_ppi_mean,mg_ppi_std,obs_mode,ph_mean,ph_std,policy,ppi_mean,ppi_std,qa_yield_mean,qa_yield_std,rna_full_mean,rna_full_std,rna_trunc_mean,rna_trunc_std,stop_time_mean,stop_time_std,total_mg_fed_mean,total_mg_fed_std,total_ntp_fed_mean,total_ntp_fed_std,total_reward_mean,total_reward_std
0.35840725482702257,0.18610429291266534,0.8983573085069656,0.032378764926414456,ppo,0.00024598663813612805,0.0020883861660581115,oracle,7.452702125835419,0.11636161103714204,discrete_mlp_ppo,0.559955660316348,0.1551769565963016,0.7970290479540825,0.21647430237614784,0.9914109646201134,0.2861593590536823,0.11335896035507322,0.052237040263714486,64.0,0.0,0.2506799799457192,0.10139423546861213,0.5260279798805714,0.16425046655940737,5.658479224133491,1.5818265406972292
