enzyme_mean,enzyme_std,integrity_mean,integrity_std,method,mg_ppi_mean,mg_ppi_std,obs_mode,ph_mean,ph_std,policy,ppi_mean,ppi_std,qa_yield_mean,qa_yield_std,rna_full_mean,rna_full_std,rna_trunc_mean,rna_trunc_std,stop_time_mean,stop_time_std,total_mg_fed_mean,total_mg_fed_std,total_ntp_fed_mean,total_ntp_fed_std,total_reward_mean,total_reward_std
0.35840725482702257,0.18610429291266534,0.897447010409832,0.032381493907534815,ppo,0.08432401850559836,0.04729349240892341,oracle,7.4486742981910705,0.11599139241348458,discrete_mlp_ppo,0.5577234690755606,0.1843328314116598,0.8701804391622543,0.24756366801745894,1.1429426578521729,0.3526809248125944,0.13218279059007765,0.06309274896770949,64.0,0.0,0.7911040557563305,0.1518685302300781,4.401023714709282,0.9779724212655733,5.569360999667644,2.0200397895469666
