enzyme_mean,enzyme_std,integrity_mean,integrity_std,method,mg_ppi_mean,mg_ppi_std,obs_mode,ph_mean,ph_std,policy,ppi_mean,ppi_std,qa_yield_mean,qa_yield_std,rna_full_mean,rna_full_std,rna_trunc_mean,rna_trunc_std,stop_time_mean,stop_time_std,total_mg_fed_mean,total_mg_fed_std,total_ntp_fed_mean,total_ntp_fed_std,total_reward_mean,total_reward_std
0.35840725482702257,0.18610429291266534,0.8976907242298127,0.03244317915182774,ppo,0.001063140265814309,0.0058393607315214095,oracle,7.450236713790893,0.1162809694377823,discrete_mlp_ppo,0.5967220038235187,0.18922384180142096,0.8444789270043374,0.25709206564478204,1.0609016474068165,0.35274731677810234,0.12245210132487118,0.06079330188905075,64.0,0.0,0.26138800715208055,0.2081578799880826,5.331148944330216,0.6901404259957973,5.315709336423874,1.9615229119295612
