enzyme_mean,enzyme_std,integrity_mean,integrity_std,method,mg_ppi_mean,mg_ppi_std,obs_mode,ph_mean,ph_std,policy,ppi_mean,ppi_std,qa_yield_mean,qa_yield_std,rna_full_mean,rna_full_std,rna_trunc_mean,rna_trunc_std,stop_time_mean,stop_time_std,total_mg_fed_mean,total_mg_fed_std,total_ntp_fed_mean,total_ntp_fed_std,total_reward_mean,total_reward_std
0.35840725482702257,0.18610429291266534,0.8979088156580926,0.03241863410612174,ppo,5.322558620027848e-05,0.0008371489414554303,oracle,7.450985077285766,0.11577731749864233,discrete_mlp_ppo,0.5851720931172371,0.17888909793885727,0.8294446134865284,0.2441102988653178,1.0377721283733845,0.3298541449884378,0.11940289798714221,0.0579058940480642,64.0,0.0,0.2207359940394759,0.21422268374514108,2.3736835948228836,0.45477543929493963,5.553375127959251,1.8650807664171916
