enzyme_mean,enzyme_std,integrity_mean,integrity_std,method,mg_ppi_mean,mg_ppi_std,obs_mode,ph_mean,ph_std,policy,ppi_mean,ppi_std,qa_yield_mean,qa_yield_std,rna_full_mean,rna_full_std,rna_trunc_mean,rna_trunc_std,stop_time_mean,stop_time_std,total_mg_fed_mean,total_mg_fed_std,total_ntp_fed_mean,total_ntp_fed_std,total_reward_mean,total_reward_std
0.35840725482702257,0.18610429291266534,0.8977423923254013,0.032473367652743085,ppo,4.725115140900016e-08,3.3411609580176296e-06,oracle,7.450576632499695,0.11608359718325109,discrete_mlp_ppo,0.5909261738389731,0.16213866327392176,0.8380149713814259,0.22258242229386163,1.0481414689719677,0.2974162706831289,0.12089147765487432,0.055990059105376556,64.0,0.0,0.3276079765841365,0.20151544741028937,3.979756489920616,1.1259461866861402,5.412006132805347,1.7659654194257932
