run,qa_yield_mean,total_reward_mean,rna_full_mean,integrity_mean,total_ntp_fed_mean,total_mg_fed_mean,ppi_mean,mg_ppi_mean,stop_time_mean,enzyme_mean,enzyme_std,integrity_std,method,mg_ppi_std,ph_mean,ph_std,policy,ppi_std,qa_yield_std,rna_full_std,rna_trunc_mean,rna_trunc_std,stop_time_std,total_mg_fed_std,total_ntp_fed_std,total_reward_std
test_run,0.7500344701409339,5.117419613718987,0.9285891670882702,0.8974837881326675,1.624079939186573,0.0,0.526802119359374,0.0,64.0,0.3566709061190486,0.1790224480952064,0.0327590702569416,ppo,0.0,7.448171799182892,0.1158594291824406,discrete_mlp_ppo,0.1437789204136935,0.2022226569709152,0.2648983089544808,0.1067878435049206,0.0483423404808355,0.0,0.0,0.2402654306452244,1.486587255396916
