enzyme_mean,enzyme_std,integrity_mean,integrity_std,method,mg_ppi_mean,mg_ppi_std,obs_mode,ph_mean,ph_std,policy,ppi_mean,ppi_std,qa_yield_mean,qa_yield_std,rna_full_mean,rna_full_std,rna_trunc_mean,rna_trunc_std,stop_time_mean,stop_time_std,total_mg_fed_mean,total_mg_fed_std,total_ntp_fed_mean,total_ntp_fed_std,total_reward_mean,total_reward_std
0.35840725482702257,0.18610429291266534,0.8974065136432647,0.03249626933814464,ppo,0.0034800512621647383,0.009654933943884515,oracle,7.449121289539337,0.11584476018954287,discrete_mlp_ppo,0.6064871129602194,0.17669233255583033,0.8614547166645526,0.23705110675207602,1.0830596165835857,0.31932318657717895,0.12544902735203506,0.05907312416382135,64.0,0.0,0.4497519869223237,0.2657312773509885,4.478071804189682,1.055447601231562,5.52166253554821,1.876420413590024
