enzyme_mean,enzyme_std,integrity_mean,integrity_std,method,mg_ppi_mean,mg_ppi_std,obs_mode,ph_mean,ph_std,policy,ppi_mean,ppi_std,qa_yield_mean,qa_yield_std,rna_full_mean,rna_full_std,rna_trunc_mean,rna_trunc_std,stop_time_mean,stop_time_std,total_mg_fed_mean,total_mg_fed_std,total_ntp_fed_mean,total_ntp_fed_std,total_reward_mean,total_reward_std
0.35840725482702257,0.18610429291266534,0.8986958680868149,0.032337709273795874,ppo,0.0,0.0,oracle,7.45387680053711,0.11618950971191531,discrete_mlp_ppo,0.5438626239687204,0.15282877340101725,0.7751022061645985,0.2137135980290807,0.9611310837447643,0.2814536655331893,0.10942618803791702,0.0506940142034437,64.0,0.0,0.017079999226331712,0.04901870935320747,4.734285379254818,1.6545428320067348,4.884652766501904,1.7401227572921025
