enzyme_mean,enzyme_std,integrity_mean,integrity_std,method,mg_ppi_mean,mg_ppi_std,obs_mode,ph_mean,ph_std,policy,ppi_mean,ppi_std,qa_yield_mean,qa_yield_std,rna_full_mean,rna_full_std,rna_trunc_mean,rna_trunc_std,stop_time_mean,stop_time_std,total_mg_fed_mean,total_mg_fed_std,total_ntp_fed_mean,total_ntp_fed_std,total_reward_mean,total_reward_std
0.35840725482702257,0.18610429291266534,0.8984275265097618,0.03242455041690958,ppo,0.0,0.0,oracle,7.453080661869049,0.11632040424017717,discrete_mlp_ppo,0.5559429368853569,0.15065885342842403,0.7914658014178276,0.20901844278665038,0.983421122354269,0.2762417560205692,0.11254815749470144,0.05190258215872391,64.0,0.0,0.0709679948925972,0.1053793235162727,4.6413604347586634,1.8413691154284508,5.012106791067123,1.7322027632674348
