enzyme_mean,enzyme_std,integrity_mean,integrity_std,method,mg_ppi_mean,mg_ppi_std,obs_mode,ph_mean,ph_std,policy,ppi_mean,ppi_std,qa_yield_mean,qa_yield_std,rna_full_mean,rna_full_std,rna_trunc_mean,rna_trunc_std,stop_time_mean,stop_time_std,total_mg_fed_mean,total_mg_fed_std,total_ntp_fed_mean,total_ntp_fed_std,total_reward_mean,total_reward_std
0.35840725482702257,0.18610429291266534,0.8972130718111991,0.03247221336053061,ppo,0.004019681503424181,0.010857997989356431,oracle,7.448113783073425,0.1159588268564634,discrete_mlp_ppo,0.6174061893999576,0.18059681691276622,0.8756891930878162,0.24363838943219998,1.1040517463028432,0.3307898155352693,0.12798022756204008,0.060113957045311056,64.0,0.0,0.459295970594883,0.1822097413874086,4.454133659505844,0.6704608117324745,5.626103271710873,1.881765833745163
