enzyme_mean,enzyme_std,integrity_mean,integrity_std,method,mg_ppi_mean,mg_ppi_std,obs_mode,ph_mean,ph_std,policy,ppi_mean,ppi_std,qa_yield_mean,qa_yield_std,rna_full_mean,rna_full_std,rna_trunc_mean,rna_trunc_std,stop_time_mean,stop_time_std,total_mg_fed_mean,total_mg_fed_std,total_ntp_fed_mean,total_ntp_fed_std,total_reward_mean,total_reward_std
0.35840725482702257,0.18610429291266534,0.8983390592694283,0.03239070287651735,ppo,0.0,0.0,oracle,7.452590102672577,0.11646601371740306,discrete_mlp_ppo,0.5611962911844254,0.15587299283030137,0.7982398068964481,0.21619602028905457,0.9930781371235847,0.2865551613323,0.11362098982501775,0.052458586730784386,64.0,0.0,0.07691999496519565,0.09964666326144535,4.400367906332016,1.3273327363581315,5.083175866150856,1.7315589994157183
