enzyme_mean,enzyme_std,integrity_mean,integrity_std,method,mg_ppi_mean,mg_ppi_std,obs_mode,ph_mean,ph_std,policy,ppi_mean,ppi_std,qa_yield_mean,qa_yield_std,rna_full_mean,rna_full_std,rna_trunc_mean,rna_trunc_std,stop_time_mean,stop_time_std,total_mg_fed_mean,total_mg_fed_std,total_ntp_fed_mean,total_ntp_fed_std,total_reward_mean,total_reward_std
0.35840725482702257,0.18610429291266534,0.8973945728063584,0.03242140429268558,ppo,0.0593332283370519,0.058055863276879276,oracle,7.448538822269439,0.11610839036201845,discrete_mlp_ppo,0.5759507432579994,0.1793487327382711,0.8706274100720882,0.24366498767432976,1.1302331487298012,0.34773344977632753,0.13072298480570316,0.06213663668603509,64.0,0.0,0.6913480133771897,0.07031455771610738,2.1149978335380553,0.21376848697708614,5.867821288394928,1.8944261116366028
