enzyme_mean,enzyme_std,integrity_mean,integrity_std,method,mg_ppi_mean,mg_ppi_std,ph_mean,ph_std,policy,ppi_mean,ppi_std,qa_yield_mean,qa_yield_std,rna_full_mean,rna_full_std,rna_trunc_mean,rna_trunc_std,stop_time_mean,stop_time_std,total_mg_fed_mean,total_mg_fed_std,total_ntp_fed_mean,total_ntp_fed_std,total_reward_mean,total_reward_std
0.37331676339060066,0.18652145382847088,0.9006655513763427,0.032210613391037486,fixed_batch,0.0,0.0,7.463164269733429,0.11619199508867264,fixed_batch_stop=60,0.4429590160399675,0.11640938350748294,0.6484072041660547,0.17197665513969418,0.7883862845361232,0.21798272940804425,0.08769188972264529,0.03980271702798888,61.0,0.0,0.0,0.0,0.0,0.0,4.545756500911713,1.246770814027636
0.35840725482702257,0.18610429291266534,0.8979016454458236,0.032410130073913565,fixed_fed_batch,0.03533596059194088,0.0478213193063542,7.4517348833084105,0.11615778202170153,fixed_feed_ntp=2_mg=1_interval=4_stop=64,0.5544660886466504,0.16647639755139168,0.8218281560122966,0.2342745653141736,1.047283608007431,0.328349645284439,0.1204320445779711,0.05775661566471768,64.0,0.0,0.6399999856948853,0.0,1.9199999570846558,0.0,5.643952630209923,1.7497377682142108
0.35840725482702257,0.18610429291266534,0.8983403961062432,0.03239992252389034,threshold,0.019446435508489367,0.05131075724233359,7.453154905509948,0.1162347023164347,threshold_ntp=0.80_mg=0.60_ntp_level=2_mg_level=2_max=64,0.5468404493451119,0.15087057056187111,0.793204559969902,0.23334253608372768,1.0035498597025871,0.343457429553722,0.11502024917155504,0.058008326369058526,64.0,0.0,0.45678002564758063,0.29451553493108745,0.6172319743975997,0.3241607996045718,5.62452681453228,1.7042500261340505
