enzyme_mean,enzyme_std,integrity_mean,integrity_std,method,mg_ppi_mean,mg_ppi_std,obs_mode,ph_mean,ph_std,policy,ppi_mean,ppi_std,qa_yield_mean,qa_yield_std,rna_full_mean,rna_full_std,rna_trunc_mean,rna_trunc_std,stop_time_mean,stop_time_std,total_mg_fed_mean,total_mg_fed_std,total_ntp_fed_mean,total_ntp_fed_std,total_reward_mean,total_reward_std
0.35840725482702257,0.18610429291266534,0.8981447785139084,0.03242330251427744,ppo,0.0,0.0,oracle,7.451950598144531,0.11644318436148784,discrete_mlp_ppo,0.5718643692374229,0.16644239158507693,0.8120143437981605,0.22973137330447566,1.0128967099785804,0.3057997012601748,0.11627966937348247,0.055267672451117085,64.0,0.0,0.10678399034738541,0.13665236050344895,5.250440998125076,1.5187998709121806,5.093492320144176,1.8431262893878746
