enzyme_mean,enzyme_std,integrity_mean,integrity_std,method,mg_ppi_mean,mg_ppi_std,obs_mode,ph_mean,ph_std,policy,ppi_mean,ppi_std,qa_yield_mean,qa_yield_std,rna_full_mean,rna_full_std,rna_trunc_mean,rna_trunc_std,stop_time_mean,stop_time_std,total_mg_fed_mean,total_mg_fed_std,total_ntp_fed_mean,total_ntp_fed_std,total_reward_mean,total_reward_std
0.35840725482702257,0.18610429291266534,0.897679464161396,0.03244498673961204,ppo,0.00020201610482945397,0.0018895603385371226,oracle,7.450077057552337,0.11581638643561629,discrete_mlp_ppo,0.595191744607687,0.16924046792826433,0.8434189737915992,0.23234833710726208,1.0562322258234025,0.3116581374676153,0.12178799391239882,0.05687920927945783,64.0,0.0,0.2955119630053639,0.1805798736545152,1.438209722673893,0.3100878950621807,5.84357244284153,1.7655175046261908
