enzyme_mean,enzyme_std,integrity_mean,integrity_std,method,mg_ppi_mean,mg_ppi_std,ph_mean,ph_std,policy,ppi_mean,ppi_std,qa_yield_mean,qa_yield_std,rna_full_mean,rna_full_std,rna_trunc_mean,rna_trunc_std,stop_time_mean,stop_time_std,total_mg_fed_mean,total_mg_fed_std,total_ntp_fed_mean,total_ntp_fed_std,total_reward_mean,total_reward_std
0.35840725482702257,0.18610429291266534,0.8980885640144348,0.03245109217192178,ppo,0.00013652023462072975,0.0010216913098871185,7.451919920253753,0.11613628540370316,discrete_mlp_ppo,0.5728385842144489,0.1558868731182105,0.8144217892050744,0.21553556834249937,1.0152201637983322,0.286465489010735,0.11662753569893539,0.05379309774204009,64.0,0.0,0.4230919977530837,0.21420108837201246,1.1825077617406845,0.42378036192666585,5.6817549633026125,1.6457120799138323
