enzyme_mean,enzyme_std,integrity_mean,integrity_std,method,mg_ppi_mean,mg_ppi_std,ph_mean,ph_std,policy,ppi_mean,ppi_std,qa_yield_mean,qa_yield_std,rna_full_mean,rna_full_std,rna_trunc_mean,rna_trunc_std,stop_time_mean,stop_time_std,total_mg_fed_mean,total_mg_fed_std,total_ntp_fed_mean,total_ntp_fed_std,total_reward_mean,total_reward_std
0.4755422530770302,0.1136450161247899,0.908092857658863,0.02681213091870586,fixed_batch,0.003938988658174821,0.010707336742233432,7.440524737834931,0.11516281222593987,fixed_batch_stop=64,0.619640083104372,0.09008080183675178,0.9560246288180351,0.14932548836715487,1.1829209825396538,0.18629893939141873,0.11993988559395075,0.040789045810090616,64.0,0.0,0.0,0.0,0.0,0.0,6.791069848299027,1.0783621410480375
0.4755422530770302,0.1136450161247899,0.9076759943366051,0.026828270302107996,fixed_fed_batch,0.40681753580272195,0.1222126748861488,7.43493421459198,0.11466816590460321,fixed_feed_ntp=2_mg=2_interval=4_stop=64,0.413794431746006,0.1012420603386107,1.2071039689779282,0.21421392973138675,1.574918881356716,0.30455493883110574,0.16034265950322152,0.056887180089750564,64.0,0.0,1.600000262260437,0.0,1.9199999570846558,0.0,8.622343200206757,1.5843440548254313
0.4755422530770302,0.1136450161247899,0.9073123210668563,0.026861995951483447,threshold,0.007458140186820856,0.01701172742965729,7.436879919052124,0.11508755398268186,threshold_ntp=0.65_mg=0.45_ntp_level=2_mg_level=2_max=64,0.6729361563622952,0.11807839048706338,1.035064055621624,0.19217590855698863,1.2952143613696099,0.252989422028873,0.13262202183157207,0.04757532952572347,64.0,0.0,0.04580000077933073,0.07118586676960677,0.5044799801558256,0.19218548675037594,7.366685655117035,1.3988903611222214
0.4755422530770302,0.1136450161247899,0.9091562827825547,0.02675131490999906,ppo,0.5839533504247666,0.18813448175892947,7.434256028652191,0.1144340133634454,discrete_mlp_ppo,0.33827132776379587,0.09127679830186272,1.331071261703968,0.24698836470473037,1.7794895231127739,0.3754667367038444,0.1776965942941606,0.06470900405823127,64.0,0.0,6.331896343469619,0.34973487516280405,7.30528621673584,0.269159305196316,9.376246883869172,1.8454542794279414
