enzyme_mean,enzyme_std,integrity_mean,integrity_std,method,mg_ppi_mean,mg_ppi_std,ph_mean,ph_std,policy,ppi_mean,ppi_std,qa_yield_mean,qa_yield_std,rna_full_mean,rna_full_std,rna_trunc_mean,rna_trunc_std,stop_time_mean,stop_time_std,total_mg_fed_mean,total_mg_fed_std,total_ntp_fed_mean,total_ntp_fed_std,total_reward_mean,total_reward_std
0.3716096734106541,0.17943874511493446,0.8988247832655907,0.032663111334666727,fixed_batch,5.588958447333425e-08,1.767383844161185e-06,7.455365359783173,0.11593552038868778,fixed_batch_stop=60,0.45502758073806765,0.12178741921694394,0.6635492256730795,0.1802103433274125,0.8102867684811353,0.22911390493929606,0.09169202317297459,0.04126572392712017,61.0,0.0,0.0,0.0,0.0,0.0,4.632698850154877,1.3078424949027077
0.3566709061190486,0.17902244809520643,0.8963958349227905,0.03280498406447396,fixed_fed_batch,0.06201851659042677,0.0670685071798304,7.444939285278321,0.1161750084587504,fixed_feed_ntp=2_mg=1_interval=4_stop=64,0.5313524881154299,0.15512484363092754,0.8126637153327465,0.22658452210567417,1.0528257857859136,0.3312036718410287,0.12242746547050774,0.056991848464995144,64.0,0.0,0.6399999856948853,0.0,1.9199999570846558,0.0,5.404317360162735,1.7639193948997685
0.3566709061190486,0.17902244809520643,0.8968778209686279,0.032799896001668084,threshold,0.017633510531783032,0.04948578630302172,7.446563488960266,0.11627502843556892,threshold_ntp=0.80_mg=0.60_ntp_level=2_mg_level=2_max=64,0.5434397909194231,0.14640323711068343,0.7853111208081246,0.22711062821580877,0.9930263835787773,0.33307639572563646,0.11499826197512447,0.05557205823615307,64.0,0.0,0.33120001246035097,0.2519326092108659,0.6087599753662943,0.3192258728102198,5.557899393439293,1.660840842773352
0.36483182878047227,0.18555063174447076,0.8991675032377243,0.032828916558612316,ppo,0.0,0.0,7.455104303836823,0.11514506166744003,discrete_mlp_ppo,0.4622375959008932,0.12239983027633666,0.663724374294281,0.17860112363465885,0.8109130628108978,0.22671340022694744,0.0915045454017818,0.04070255110144755,63.886,1.0119426999726948,0.0,0.0,0.0,0.0,4.7447243838310245,1.3011507284600607
