enzyme_mean,enzyme_std,integrity_mean,integrity_std,method,mg_ppi_mean,mg_ppi_std,ph_mean,ph_std,policy,ppi_mean,ppi_std,qa_yield_mean,qa_yield_std,rna_full_mean,rna_full_std,rna_trunc_mean,rna_trunc_std,stop_time_mean,stop_time_std,total_mg_fed_mean,total_mg_fed_std,total_ntp_fed_mean,total_ntp_fed_std,total_reward_mean,total_reward_std
0.3716096734106541,0.17943874511493446,0.89912098300457,0.0326505697938554,fixed_batch,0.0,0.0,7.456276156902313,0.11586995971043322,fixed_batch_stop=60,0.4422559883743525,0.11487847525420253,0.6456316136717797,0.17091635893407087,0.7862706054151058,0.2159262213103286,0.0886736283171922,0.03945846630493578,61.0,0.0,0.0,0.0,0.0,0.0,4.524529169440269,1.2400569895729436
0.3566709061190486,0.17902244809520643,0.8964319732189179,0.03280191764329639,fixed_fed_batch,0.03607401223585248,0.0472939648378127,7.445139252185822,0.11615153257246115,fixed_feed_ntp=2_mg=1_interval=4_stop=64,0.5489825222939253,0.16131769553908193,0.8132034459710121,0.2284609216892969,1.0374170045554638,0.31926365992524425,0.12059444167278707,0.055618619098490786,64.0,0.0,0.6399999856948853,0.0,1.9199999570846558,0.0,5.581601236462593,1.7044009599506886
0.3566709061190486,0.17902244809520643,0.8968959559798241,0.03280006134726775,threshold,0.017359125897666673,0.04881272487209322,7.446645312786102,0.11627841674096506,threshold_ntp=0.80_mg=0.60_ntp_level=2_mg_level=2_max=64,0.5427466223537922,0.1468109039191818,0.784164493650198,0.22737344481287622,0.9912589200139046,0.3330623424749717,0.11477503292262554,0.05553136502405655,64.0,0.0,0.442800023779273,0.2866886270726808,0.608039975374937,0.32014659534975604,5.559741631031036,1.6597292184857664
0.3566709061190486,0.17902244809520643,0.8989653241634369,0.03265881147686331,ppo,0.0,0.0,7.454667269229889,0.11588489654629543,discrete_mlp_ppo,0.44832405422627924,0.11593476492767872,0.6432870145142079,0.16919244940296338,0.7843620616644621,0.21423029329152435,0.08861763052269817,0.039334169886623555,64.0,0.0,0.0,0.0,0.010799999698996544,0.05313928505240977,4.603084025502205,1.2295105501634793
