enzyme_mean,enzyme_std,integrity_mean,integrity_std,method,mg_ppi_mean,mg_ppi_std,ph_mean,ph_std,policy,ppi_mean,ppi_std,qa_yield_mean,qa_yield_std,rna_full_mean,rna_full_std,rna_trunc_mean,rna_trunc_std,stop_time_mean,stop_time_std,total_mg_fed_mean,total_mg_fed_std,total_ntp_fed_mean,total_ntp_fed_std,total_reward_mean,total_reward_std
0.3716096734106541,0.17943874511493446,0.8988247832655907,0.032663111334666727,fixed_batch,5.588958447333425e-08,1.767383844161185e-06,7.455365359783173,0.11593552038868778,fixed_batch_stop=60,0.45502758073806765,0.12178741921694394,0.6635492256730795,0.1802103433274125,0.8102867684811353,0.22911390493929606,0.09169202317297459,0.04126572392712017,61.0,0.0,0.0,0.0,0.0,0.0,4.601600762367249,1.305701361385589
0.3566709061190486,0.17902244809520643,0.8963958349227905,0.03280498406447396,fixed_fed_batch,0.06201851659042677,0.0670685071798304,7.444939285278321,0.1161750084587504,fixed_feed_ntp=2_mg=1_interval=4_stop=64,0.5313524881154299,0.15512484363092754,0.8126637153327465,0.22658452210567417,1.0528257857859136,0.3312036718410287,0.12242746547050774,0.056991848464995144,64.0,0.0,0.6399999856948853,0.0,1.9199999570846558,0.0,5.565700330138206,1.6902751727945942
0.3566709061190486,0.17902244809520643,0.8968778209686279,0.032799896001668084,threshold,0.017633510531783032,0.04948578630302172,7.446563488960266,0.11627502843556892,threshold_ntp=0.80_mg=0.60_ntp_level=2_mg_level=2_max=64,0.5434397909194231,0.14640323711068343,0.7853111208081246,0.22711062821580877,0.9930263835787773,0.33307639572563646,0.11499826197512447,0.05557205823615307,64.0,0.0,0.33120001246035097,0.2519326092108659,0.6087599753662943,0.3192258728102198,5.496145854830742,1.6607680104870208
0.4461999161839485,0.17923254773059596,0.8980974395871162,0.032701161561856464,ppo,1.7203686511493287e-06,3.9871554309535316e-05,7.4570019516944885,0.11589949103111495,discrete_mlp_ppo,0.5006893132179976,0.14501110817447174,0.757829277664423,0.21848160578501075,0.9337119634747505,0.2840914695316457,0.1065607035215944,0.04930395899041618,48.0,0.0,0.0,0.0,5.639876528739929,0.0037947295732624715,4.698823020339012,1.5888886156824185
