enzyme_mean,enzyme_std,integrity_mean,integrity_std,method,mg_ppi_mean,mg_ppi_std,ph_mean,ph_std,policy,ppi_mean,ppi_std,qa_yield_mean,qa_yield_std,rna_full_mean,rna_full_std,rna_trunc_mean,rna_trunc_std,stop_time_mean,stop_time_std,total_mg_fed_mean,total_mg_fed_std,total_ntp_fed_mean,total_ntp_fed_std,total_reward_mean,total_reward_std
0.4755422530770302,0.1136450161247899,0.9080944069027901,0.026811995381649634,fixed_batch,0.003929464769110382,0.010674306935631305,7.440529634475708,0.11516314783314746,fixed_batch_stop=64,0.6195625068247318,0.08999579953441653,0.9541953590512275,0.14747363065293906,1.182749361217022,0.18607510673724137,0.11991921201348305,0.04076754837767883,64.0,0.0,0.0,0.0,0.0,0.0,6.779922608613968,1.0667536888805795
0.4755422530770302,0.1136450161247899,0.9066016082763672,0.026881160777423876,fixed_fed_batch,0.007913421252908165,0.017103069845442406,7.433265942573548,0.11493944489995968,fixed_feed_ntp=2_mg=0_interval=4_stop=64,0.7185830083489418,0.12297470527938704,1.094780957043171,0.19058396113428444,1.3855277668833732,0.2565777697731163,0.14299731227383017,0.05006011587915689,64.0,0.0,0.0,0.0,1.9199999570846558,0.0,7.634192034721375,1.3950252119670354
0.4755422530770302,0.1136450161247899,0.9073163312077522,0.026861645765221768,threshold,0.007434671317730135,0.016923239631792063,7.436897782325745,0.11508758575352045,threshold_ntp=0.65_mg=0.45_ntp_level=2_mg_level=2_max=64,0.6726343934834004,0.11762328076494148,1.0309054980874062,0.18643429955109697,1.2945712079405785,0.2518619248126837,0.13254650025442244,0.04747259082042791,64.0,0.0,0.04580000077933073,0.07118586676960677,0.5042399801462889,0.19184061529505747,7.29562708568573,1.3489874844710317
0.5028076619505882,0.09863301491165986,0.9099893923401833,0.027476284652507028,ppo,0.016531163812748672,0.030524570452957357,7.452582380771637,0.11762757731078555,discrete_mlp_ppo,0.6255088783204555,0.10097883443328255,0.9810578387379646,0.16570214463654542,1.2250652503967285,0.2217072315181848,0.12145607193186879,0.044133999525444265,59.134,4.148162394512931,0.09735999434441328,0.09675945002966602,0.2179400036893785,0.1333031431924385,6.958693857192993,1.2061966661789316
