enzyme_mean,enzyme_std,integrity_mean,integrity_std,method,mg_ppi_mean,mg_ppi_std,ph_mean,ph_std,policy,ppi_mean,ppi_std,qa_yield_mean,qa_yield_std,rna_full_mean,rna_full_std,rna_trunc_mean,rna_trunc_std,stop_time_mean,stop_time_std,total_mg_fed_mean,total_mg_fed_std,total_ntp_fed_mean,total_ntp_fed_std,total_reward_mean,total_reward_std
0.3716096734106541,0.17943874511493446,0.8988247832655907,0.032663111334666727,fixed_batch,5.588958447333425e-08,1.767383844161185e-06,7.455365359783173,0.11593552038868778,fixed_batch_stop=60,0.45502758073806765,0.12178741921694394,0.6635492256730795,0.1802103433274125,0.8102867684811353,0.22911390493929606,0.09169202317297459,0.04126572392712017,61.0,0.0,0.0,0.0,0.0,0.0,4.669582765936852,1.3079651583384795
0.3566709061190486,0.17902244809520643,0.8963958349227905,0.03280498406447396,fixed_fed_batch,0.06201851659042677,0.0670685071798304,7.444939285278321,0.1161750084587504,fixed_feed_ntp=2_mg=1_interval=4_stop=64,0.5313524881154299,0.15512484363092754,0.8126637153327465,0.22658452210567417,1.0528257857859136,0.3312036718410287,0.12242746547050774,0.056991848464995144,64.0,0.0,0.6399999856948853,0.0,1.9199999570846558,0.0,5.549699993491172,1.6902750393324912
0.3566709061190486,0.17902244809520643,0.8968778209686279,0.032799896001668084,threshold,0.017633510531783032,0.04948578630302172,7.446563488960266,0.11627502843556892,threshold_ntp=0.80_mg=0.60_ntp_level=2_mg_level=2_max=64,0.5434397909194231,0.14640323711068343,0.7853111208081246,0.22711062821580877,0.9930263835787773,0.33307639572563646,0.11499826197512447,0.05557205823615307,64.0,0.0,0.33120001246035097,0.2519326092108659,0.6087599753662943,0.3192258728102198,5.487865752220154,1.6572111395795914
0.4501989719048142,0.1879459555094819,0.8993633711338043,0.03250503594699164,ppo,0.0,0.0,7.459226674556732,0.1128180800670061,discrete_mlp_ppo,0.47967158272862437,0.13728603928561953,0.729763642385602,0.20943464408467732,0.893978067368269,0.26952692455503807,0.10055746646784246,0.04681092100728223,48.23,1.504447859968355,0.0,0.0,0.7774801008105278,0.18991397088732226,5.098352382183075,1.5268343865305474
