enzyme_mean,enzyme_std,integrity_mean,integrity_std,method,mg_ppi_mean,mg_ppi_std,obs_mode,ph_mean,ph_std,policy,ppi_mean,ppi_std,qa_yield_mean,qa_yield_std,rna_full_mean,rna_full_std,rna_trunc_mean,rna_trunc_std,stop_time_mean,stop_time_std,total_mg_fed_mean,total_mg_fed_std,total_ntp_fed_mean,total_ntp_fed_std,total_reward_mean,total_reward_std
0.35840725482702257,0.18610429291266534,0.8998843090295792,0.03230770372737123,ppo,1.4840145542257232e-05,0.0003257142613532341,oracle,7.459254653263092,0.11649743958740001,discrete_mlp_ppo,0.4849184101909399,0.15548602980015114,0.6945735600531101,0.21853176971031063,0.8535061318486928,0.2874147353005575,0.09611677128877491,0.04838334994895941,64.0,0.0,0.14597598809152842,0.17956973976969987,0.1079200097002089,0.20967612286397472,4.9604680249214175,1.5762570935039404
