enzyme_mean,enzyme_std,integrity_mean,integrity_std,method,mg_ppi_mean,mg_ppi_std,obs_mode,ph_mean,ph_std,policy,ppi_mean,ppi_std,qa_yield_mean,qa_yield_std,rna_full_mean,rna_full_std,rna_trunc_mean,rna_trunc_std,stop_time_mean,stop_time_std,total_mg_fed_mean,total_mg_fed_std,total_ntp_fed_mean,total_ntp_fed_std,total_reward_mean,total_reward_std
0.35840725482702257,0.18610429291266534,0.8973053293466569,0.032436203330458796,ppo,0.031532365882607424,0.035148112625370986,oracle,7.4483949936866765,0.11612839005106909,discrete_mlp_ppo,0.5954080368608237,0.17957096489488006,0.8711294396698475,0.24594601587895143,1.114536772596836,0.342806008314113,0.12905223147012293,0.061283336720185884,64.0,0.0,0.6041999945446849,0.17463011594826833,1.8525838371872902,0.478566132770387,5.949004975605011,1.8702620331270945
