enzyme_mean,enzyme_std,integrity_mean,integrity_std,method,mg_ppi_mean,mg_ppi_std,obs_mode,ph_mean,ph_std,policy,ppi_mean,ppi_std,qa_yield_mean,qa_yield_std,rna_full_mean,rna_full_std,rna_trunc_mean,rna_trunc_std,stop_time_mean,stop_time_std,total_mg_fed_mean,total_mg_fed_std,total_ntp_fed_mean,total_ntp_fed_std,total_reward_mean,total_reward_std
0.35840725482702257,0.18610429291266534,0.8976248532176018,0.032349820458256684,ppo,0.11423619491430417,0.04547599551665739,oracle,7.44912196187973,0.11594795618084452,discrete_mlp_ppo,0.5329842550039291,0.19074078962884944,0.86592536226511,0.24883007389071846,1.1528165247678757,0.3567634802194431,0.13310413386113942,0.06370196277303194,64.0,0.0,0.9021840520262718,0.1955959060663015,5.827090436887741,0.9788177294110987,5.326074980962276,2.090112456800776
