enzyme_mean,enzyme_std,integrity_mean,integrity_std,method,mg_ppi_mean,mg_ppi_std,obs_mode,ph_mean,ph_std,policy,ppi_mean,ppi_std,qa_yield_mean,qa_yield_std,rna_full_mean,rna_full_std,rna_trunc_mean,rna_trunc_std,stop_time_mean,stop_time_std,total_mg_fed_mean,total_mg_fed_std,total_ntp_fed_mean,total_ntp_fed_std,total_reward_mean,total_reward_std
0.35840725482702257,0.18610429291266534,0.8971963334202766,0.03242567427579884,ppo,0.05638549943279549,0.03928287226651927,oracle,7.44767171421051,0.11597963546840939,discrete_mlp_ppo,0.5866189142674207,0.18934813719718066,0.8821738782465458,0.2514531435445041,1.1440850216448306,0.3530457141882499,0.13265254126861692,0.06316505453471959,64.0,0.0,0.7026240504026413,0.1600345203195985,5.84112852230072,0.7817664367174619,5.480503466629982,2.003426405527458
