enzyme_mean,enzyme_std,integrity_mean,integrity_std,method,mg_ppi_mean,mg_ppi_std,obs_mode,ph_mean,ph_std,policy,ppi_mean,ppi_std,qa_yield_mean,qa_yield_std,rna_full_mean,rna_full_std,rna_trunc_mean,rna_trunc_std,stop_time_mean,stop_time_std,total_mg_fed_mean,total_mg_fed_std,total_ntp_fed_mean,total_ntp_fed_std,total_reward_mean,total_reward_std
0.35840725482702257,0.18610429291266534,0.8977355818390846,0.032426732612740566,ppo,0.003549174774877156,0.010488337652605324,oracle,7.450449797058106,0.11611425683326132,discrete_mlp_ppo,0.5899687250524759,0.1683750805948687,0.8394827801048755,0.23300296568518308,1.053033953100443,0.314726607344618,0.12130988113172353,0.05688912542677271,64.0,0.0,0.3862639508664608,0.09461833711539265,1.096810019648075,0.1259820282378135,5.892083658838272,1.730139945355817
