enzyme_mean,enzyme_std,integrity_mean,integrity_std,method,mg_ppi_mean,mg_ppi_std,obs_mode,ph_mean,ph_std,policy,ppi_mean,ppi_std,qa_yield_mean,qa_yield_std,rna_full_mean,rna_full_std,rna_trunc_mean,rna_trunc_std,stop_time_mean,stop_time_std,total_mg_fed_mean,total_mg_fed_std,total_ntp_fed_mean,total_ntp_fed_std,total_reward_mean,total_reward_std
0.35840725482702257,0.18610429291266534,0.8988610996723175,0.03233729494153077,ppo,0.0,0.0,cheap_pat,7.454439072322845,0.11611768697276277,discrete_mlp_ppo,0.535304668879509,0.14714757810479331,0.763677915918827,0.20569925166551195,0.9452077911257744,0.27076213602816646,0.10744334347173572,0.04951598202673705,64.0,0.0,0.008047999820113182,0.01603749122305165,6.743995475769043,0.19811778133534208,4.5771181480646135,1.5028912831408365
