enzyme_mean,enzyme_std,integrity_mean,integrity_std,method,mg_ppi_mean,mg_ppi_std,ph_mean,ph_std,policy,ppi_mean,ppi_std,qa_yield_mean,qa_yield_std,rna_full_mean,rna_full_std,rna_trunc_mean,rna_trunc_std,stop_time_mean,stop_time_std,total_mg_fed_mean,total_mg_fed_std,total_ntp_fed_mean,total_ntp_fed_std,total_reward_mean,total_reward_std
0.35840725482702257,0.18610429291266534,0.8984237982392311,0.03236788082688952,ppo,0.0,0.0,7.452940753650665,0.1159000635750161,discrete_mlp_ppo,0.5566514057427645,0.1523794360880768,0.7926675898253918,0.21335748383262412,0.9848609404027462,0.2806402028435122,0.11248512746542692,0.05143205388994027,64.0,0.0,0.16815200203210115,0.16537126369412702,0.6264959840416908,0.12742750785983425,5.618583855700493,1.560999649974719
