enzyme_mean,enzyme_std,integrity_mean,integrity_std,method,mg_ppi_mean,mg_ppi_std,obs_mode,ph_mean,ph_std,policy,ppi_mean,ppi_std,qa_yield_mean,qa_yield_std,rna_full_mean,rna_full_std,rna_trunc_mean,rna_trunc_std,stop_time_mean,stop_time_std,total_mg_fed_mean,total_mg_fed_std,total_ntp_fed_mean,total_ntp_fed_std,total_reward_mean,total_reward_std
0.35840725482702257,0.18610429291266534,0.9005144350290298,0.032218581887692506,ppo,0.0,0.0,cheap_pat,7.461561326313019,0.11620823455334622,discrete_mlp_ppo,0.4488575636744499,0.11767431058832209,0.6457972116529942,0.1705341411139066,0.7861334589034319,0.2166479065634533,0.08758992848377675,0.03968171812675716,64.0,0.0,0.0,0.0,0.0,0.0,4.621270316410064,1.2388181672090235
