enzyme_mean,enzyme_std,integrity_mean,integrity_std,method,mg_ppi_mean,mg_ppi_std,obs_mode,ph_mean,ph_std,policy,ppi_mean,ppi_std,qa_yield_mean,qa_yield_std,rna_full_mean,rna_full_std,rna_trunc_mean,rna_trunc_std,stop_time_mean,stop_time_std,total_mg_fed_mean,total_mg_fed_std,total_ntp_fed_mean,total_ntp_fed_std,total_reward_mean,total_reward_std
0.35840725482702257,0.18610429291266534,0.8973149622321129,0.03244249729683408,ppo,0.044172327181751826,0.057037967805089344,delayed_atline,7.448249646663665,0.11611151770276165,discrete_mlp_ppo,0.5901581115752459,0.17954554124869287,0.8745320624411106,0.2468314690193962,1.1283732419729233,0.35409021620489045,0.13054367588460444,0.06237914219047073,64.0,0.0,0.5975800426259636,0.15640537073666572,4.667222791409492,1.1579129005109328,5.57982354003191,1.981826324440041
