enzyme_mean,enzyme_std,integrity_mean,integrity_std,method,mg_ppi_mean,mg_ppi_std,obs_mode,ph_mean,ph_std,policy,ppi_mean,ppi_std,qa_yield_mean,qa_yield_std,rna_full_mean,rna_full_std,rna_trunc_mean,rna_trunc_std,stop_time_mean,stop_time_std,total_mg_fed_mean,total_mg_fed_std,total_ntp_fed_mean,total_ntp_fed_std,total_reward_mean,total_reward_std
0.35840725482702257,0.18610429291266534,0.8981212868094445,0.032448534983401965,ppo,2.0078467979715242e-06,9.507800981554191e-05,oracle,7.4519199467659,0.11659026570432911,discrete_mlp_ppo,0.5724973436832428,0.16457658008025514,0.8129630298137664,0.2258098512959851,1.0141497860372066,0.30199299063716256,0.11655772674493492,0.05550194440631829,64.0,0.0,0.16976798292547465,0.18045024603225027,5.284992844831944,1.712858885430065,5.098215229427814,1.8413935748645507
