enzyme_mean,enzyme_std,integrity_mean,integrity_std,method,mg_ppi_mean,mg_ppi_std,obs_mode,ph_mean,ph_std,policy,ppi_mean,ppi_std,qa_yield_mean,qa_yield_std,rna_full_mean,rna_full_std,rna_trunc_mean,rna_trunc_std,stop_time_mean,stop_time_std,total_mg_fed_mean,total_mg_fed_std,total_ntp_fed_mean,total_ntp_fed_std,total_reward_mean,total_reward_std
0.35840725482702257,0.18610429291266534,0.898189106798172,0.032370970987402416,ppo,0.0,0.0,oracle,7.4519663763999935,0.11631268971938664,discrete_mlp_ppo,0.5685406004518271,0.1546469092724633,0.8084176446378231,0.21546738106879276,1.006697132128477,0.2848593895794574,0.11522902274429798,0.05233115928739331,64.0,0.0,0.12166400257647038,0.13954786503352623,1.2914077182888986,0.358503916645354,5.62766849462986,1.6332038707499252
