enzyme_mean,enzyme_std,integrity_mean,integrity_std,method,mg_ppi_mean,mg_ppi_std,obs_mode,ph_mean,ph_std,policy,ppi_mean,ppi_std,qa_yield_mean,qa_yield_std,rna_full_mean,rna_full_std,rna_trunc_mean,rna_trunc_std,stop_time_mean,stop_time_std,total_mg_fed_mean,total_mg_fed_std,total_ntp_fed_mean,total_ntp_fed_std,total_reward_mean,total_reward_std
0.35840725482702257,0.18610429291266534,0.8979592454433442,0.032446545898881574,ppo,0.0,0.0,oracle,7.451227342796326,0.11619926724359231,discrete_mlp_ppo,0.5821938983887434,0.1762583951760682,0.8252960106730461,0.2405802938990657,1.0320242226839065,0.32406097179319493,0.1187952004481107,0.05766129799736996,64.0,0.0,0.16684798500388862,0.17496108393461113,3.733806294107437,1.1758171635513694,5.364913356947899,1.9129507540349173
