enzyme_mean,enzyme_std,integrity_mean,integrity_std,method,mg_ppi_mean,mg_ppi_std,obs_mode,ph_mean,ph_std,policy,ppi_mean,ppi_std,qa_yield_mean,qa_yield_std,rna_full_mean,rna_full_std,rna_trunc_mean,rna_trunc_std,stop_time_mean,stop_time_std,total_mg_fed_mean,total_mg_fed_std,total_ntp_fed_mean,total_ntp_fed_std,total_reward_mean,total_reward_std
0.35840725482702257,0.18610429291266534,0.8971795338630676,0.03245166384308976,ppo,0.029641259075582776,0.0414899773452742,delayed_atline,7.447725358200073,0.11612173003312397,discrete_mlp_ppo,0.605436276346445,0.18107120596154286,0.8811803724765778,0.2504489969408713,1.1294937377154828,0.3556743610665863,0.13090839095078408,0.06270559575909136,64.0,0.0,0.5655720336735248,0.16485701834978783,4.676035566580295,1.1109928889659806,5.647206532239914,1.9853070471110381
