enzyme_mean,enzyme_std,integrity_mean,integrity_std,method,mg_ppi_mean,mg_ppi_std,obs_mode,ph_mean,ph_std,policy,ppi_mean,ppi_std,qa_yield_mean,qa_yield_std,rna_full_mean,rna_full_std,rna_trunc_mean,rna_trunc_std,stop_time_mean,stop_time_std,total_mg_fed_mean,total_mg_fed_std,total_ntp_fed_mean,total_ntp_fed_std,total_reward_mean,total_reward_std
0.3578052689179778,0.1902307070618351,0.8993840112686157,0.03245066090512745,ppo,0.006326530234530879,0.01859553049631235,noisy_missing,7.449467048931122,0.11466384800865197,discrete_mlp_ppo,0.5934298830866813,0.16525346472846714,0.8502905870914459,0.23063070815375722,1.066549152123928,0.31154287263884295,0.12049969610460103,0.05617952904203392,64.0,0.0,0.3224279666483402,0.0861635021678814,3.2201607487797737,1.376607940691419,5.6100952096700665,1.857468254881174
