enzyme_mean,enzyme_std,integrity_mean,integrity_std,method,mg_ppi_mean,mg_ppi_std,obs_mode,ph_mean,ph_std,policy,ppi_mean,ppi_std,qa_yield_mean,qa_yield_std,rna_full_mean,rna_full_std,rna_trunc_mean,rna_trunc_std,stop_time_mean,stop_time_std,total_mg_fed_mean,total_mg_fed_std,total_ntp_fed_mean,total_ntp_fed_std,total_reward_mean,total_reward_std
0.3578052689179778,0.1902307070618351,0.8996280380368232,0.032435333603220526,ppo,0.009726538724281182,0.026039807417703037,noisy_missing,7.450398910140991,0.11487291831667927,discrete_mlp_ppo,0.5788038864284754,0.16307078639704062,0.8337669606745243,0.22862563773481645,1.045831345498562,0.3107461833667401,0.11787600339055061,0.055541100801984114,64.0,0.0,0.3475759639263153,0.0885357170272773,1.103871963059902,0.3818173244067082,5.83690952501297,1.6993111530210574
