enzyme_mean,enzyme_std,integrity_mean,integrity_std,method,mg_ppi_mean,mg_ppi_std,obs_mode,ph_mean,ph_std,policy,ppi_mean,ppi_std,qa_yield_mean,qa_yield_std,rna_full_mean,rna_full_std,rna_trunc_mean,rna_trunc_std,stop_time_mean,stop_time_std,total_mg_fed_mean,total_mg_fed_std,total_ntp_fed_mean,total_ntp_fed_std,total_reward_mean,total_reward_std
0.35840725482702257,0.18610429291266534,0.8971070576310157,0.03245072660898202,ppo,0.030863611089481355,0.02998679696512111,oracle,7.44746894083023,0.11609752897887665,discrete_mlp_ppo,0.6053922687232495,0.18843483851416126,0.8843752488136292,0.24920528845891118,1.1314977216601372,0.34188994722410027,0.13132913493327797,0.06197672151996624,64.0,0.0,0.6195440366372466,0.1854084114446018,5.259102914237976,1.4019607000959047,5.581382429850102,2.039298974871345
