enzyme_mean,enzyme_std,integrity_mean,integrity_std,method,mg_ppi_mean,mg_ppi_std,obs_mode,ph_mean,ph_std,policy,ppi_mean,ppi_std,qa_yield_mean,qa_yield_std,rna_full_mean,rna_full_std,rna_trunc_mean,rna_trunc_std,stop_time_mean,stop_time_std,total_mg_fed_mean,total_mg_fed_std,total_ntp_fed_mean,total_ntp_fed_std,total_reward_mean,total_reward_std
0.3578052689179778,0.1902307070618351,0.8995540947198868,0.03244310359360306,ppo,0.011340982060162787,0.03173095285008481,noisy_missing,7.45008158159256,0.11505051806019058,discrete_mlp_ppo,0.5818766429305077,0.16567433283193678,0.8391453043818474,0.23098520501068753,1.054479845112562,0.3150545419458322,0.11897099963352084,0.05619327065774319,64.0,0.0,0.37387197206914424,0.12105049381888083,1.110581974041462,0.3336813208386717,5.876574183535576,1.709494532546973
