enzyme_mean,enzyme_std,integrity_mean,integrity_std,method,mg_ppi_mean,mg_ppi_std,obs_mode,ph_mean,ph_std,policy,ppi_mean,ppi_std,qa_yield_mean,qa_yield_std,rna_full_mean,rna_full_std,rna_trunc_mean,rna_trunc_std,stop_time_mean,stop_time_std,total_mg_fed_mean,total_mg_fed_std,total_ntp_fed_mean,total_ntp_fed_std,total_reward_mean,total_reward_std
0.35840725482702257,0.18610429291266534,0.8981665749311447,0.03237058159493652,ppo,0.0,0.0,oracle,7.4518360848426815,0.11640120100228193,discrete_mlp_ppo,0.5699790566563606,0.15690425306911082,0.8100993764102459,0.21810515267958125,1.0092549749970436,0.28886925831050886,0.11556432280242443,0.05273740803367409,64.0,0.0,0.0828199944332242,0.10575122788091086,4.918005224215984,1.5691345328007773,5.118484614348412,1.7699110200388064
