enzyme_mean,enzyme_std,integrity_mean,integrity_std,method,mg_ppi_mean,mg_ppi_std,ph_mean,ph_std,policy,ppi_mean,ppi_std,qa_yield_mean,qa_yield_std,rna_full_mean,rna_full_std,rna_trunc_mean,rna_trunc_std,stop_time_mean,stop_time_std,total_mg_fed_mean,total_mg_fed_std,total_ntp_fed_mean,total_ntp_fed_std,total_reward_mean,total_reward_std
0.35840725482702257,0.18610429291266534,0.8978045880675316,0.03242506365918305,ppo,0.0005917340611214513,0.0037432570080522497,7.450479057407379,0.11602425488672011,discrete_mlp_ppo,0.5880735864549875,0.1622809408058947,0.834604531943798,0.2240308861847685,1.043749010515213,0.29962116173206366,0.12011592573411763,0.055290888252382125,64.0,0.0,0.27435197137743234,0.09407032855135562,1.230191793203354,0.300628976807472,5.822590488409996,1.7031443960143569
