enzyme_mean,enzyme_std,integrity_mean,integrity_std,method,mg_ppi_mean,mg_ppi_std,obs_mode,ph_mean,ph_std,policy,ppi_mean,ppi_std,qa_yield_mean,qa_yield_std,rna_full_mean,rna_full_std,rna_trunc_mean,rna_trunc_std,stop_time_mean,stop_time_std,total_mg_fed_mean,total_mg_fed_std,total_ntp_fed_mean,total_ntp_fed_std,total_reward_mean,total_reward_std
0.35840725482702257,0.18610429291266534,0.8976806847214699,0.03240918818514107,ppo,0.030107106678952552,0.05359543687206155,delayed_atline,7.449639062690735,0.11481010737715022,discrete_mlp_ppo,0.5804905649125576,0.17563662917940195,0.8494023198127747,0.24678929513141512,1.084485792249441,0.35060364668648186,0.12498551004044711,0.060721140494602886,64.0,0.0,0.4116280259504914,0.3314237974801971,6.01374428884983,1.4024086066156787,5.262867231428623,1.9746601468678862
