enzyme_mean,enzyme_std,integrity_mean,integrity_std,method,mg_ppi_mean,mg_ppi_std,obs_mode,ph_mean,ph_std,policy,ppi_mean,ppi_std,qa_yield_mean,qa_yield_std,rna_full_mean,rna_full_std,rna_trunc_mean,rna_trunc_std,stop_time_mean,stop_time_std,total_mg_fed_mean,total_mg_fed_std,total_ntp_fed_mean,total_ntp_fed_std,total_reward_mean,total_reward_std
0.35840725482702257,0.18610429291266534,0.8977370680093765,0.03242639589191019,ppo,0.007505204396612499,0.018098561438831606,oracle,7.450185706520081,0.1159217220612042,discrete_mlp_ppo,0.5870923545122146,0.16344423304966021,0.8394278609454632,0.22704831762179278,1.0547344169914723,0.30716136133733657,0.1214754648834467,0.05629813793688626,64.0,0.0,0.377267957675457,0.0652737958843203,1.0610539498567582,0.10935692231713735,5.896270772051811,1.682427650861528
