enzyme_mean,enzyme_std,integrity_mean,integrity_std,method,mg_ppi_mean,mg_ppi_std,obs_mode,ph_mean,ph_std,policy,ppi_mean,ppi_std,qa_yield_mean,qa_yield_std,rna_full_mean,rna_full_std,rna_trunc_mean,rna_trunc_std,stop_time_mean,stop_time_std,total_mg_fed_mean,total_mg_fed_std,total_ntp_fed_mean,total_ntp_fed_std,total_reward_mean,total_reward_std
0.35840725482702257,0.18610429291266534,0.8975501854777336,0.03242975915682567,ppo,5.230997372541424e-06,0.00015452322591895997,oracle,7.44938517036438,0.11610039606355961,discrete_mlp_ppo,0.6033965719401836,0.17898640458850346,0.8533402169644833,0.24316928657902565,1.0708492846786977,0.3294927883792612,0.12360084258541465,0.058590034935629955,64.0,0.0,0.24654399884343148,0.12264821022941891,4.9468212117403745,0.7178964695284195,5.420337291789055,1.8658139803235088
