enzyme_mean,enzyme_std,integrity_mean,integrity_std,method,mg_ppi_mean,mg_ppi_std,obs_mode,ph_mean,ph_std,policy,ppi_mean,ppi_std,qa_yield_mean,qa_yield_std,rna_full_mean,rna_full_std,rna_trunc_mean,rna_trunc_std,stop_time_mean,stop_time_std,total_mg_fed_mean,total_mg_fed_std,total_ntp_fed_mean,total_ntp_fed_std,total_reward_mean,total_reward_std
0.35840725482702257,0.18610429291266534,0.897765996491909,0.03240727832561074,ppo,0.00021220459687738185,0.0019261845986273608,oracle,7.450214861488342,0.11573112519929347,discrete_mlp_ppo,0.5914503633439541,0.17016003992610956,0.8383600533485412,0.2339949278498561,1.0492256601810455,0.31374403568728754,0.12075648903362453,0.05646959867955316,64.0,0.0,0.19876399115920068,0.07906732210032685,6.522087745904923,1.370804114176635,5.147618553185463,1.852476708361196
