enzyme_mean,enzyme_std,integrity_mean,integrity_std,method,mg_ppi_mean,mg_ppi_std,obs_mode,ph_mean,ph_std,policy,ppi_mean,ppi_std,qa_yield_mean,qa_yield_std,rna_full_mean,rna_full_std,rna_trunc_mean,rna_trunc_std,stop_time_mean,stop_time_std,total_mg_fed_mean,total_mg_fed_std,total_ntp_fed_mean,total_ntp_fed_std,total_reward_mean,total_reward_std
0.35840725482702257,0.18610429291266534,0.8981931017875672,0.03240924191589454,ppo,0.0,0.0,oracle,7.451936919403076,0.11629668494645516,discrete_mlp_ppo,0.5706705310851335,0.17399372977042718,0.8097348307490349,0.23796948401643073,1.0104538476705551,0.3199306878489071,0.1159151703208685,0.056039741457343285,64.0,0.0,0.0686319940879941,0.12915673197660343,4.552679563188553,0.5461721448788529,5.14947243206501,1.8007086015035811
