enzyme_mean,enzyme_std,integrity_mean,integrity_std,method,mg_ppi_mean,mg_ppi_std,obs_mode,ph_mean,ph_std,policy,ppi_mean,ppi_std,qa_yield_mean,qa_yield_std,rna_full_mean,rna_full_std,rna_trunc_mean,rna_trunc_std,stop_time_mean,stop_time_std,total_mg_fed_mean,total_mg_fed_std,total_ntp_fed_mean,total_ntp_fed_std,total_reward_mean,total_reward_std
0.35840725482702257,0.18610429291266534,0.8975059335231781,0.03240319209091514,ppo,0.017686754013507583,0.036835305656379456,delayed_atline,7.449172906970978,0.11589206631549373,discrete_mlp_ppo,0.5942920858681202,0.17185270605915495,0.8573015548527241,0.2384502734681195,1.086955959481001,0.3308677389404894,0.12542154751457274,0.058856396141384354,64.0,0.0,0.4037240330293775,0.35544380878735865,4.491731106495857,1.1858858942158637,5.49272757434845,1.884367755464307
