enzyme_mean,enzyme_std,integrity_mean,integrity_std,method,mg_ppi_mean,mg_ppi_std,obs_mode,ph_mean,ph_std,policy,ppi_mean,ppi_std,qa_yield_mean,qa_yield_std,rna_full_mean,rna_full_std,rna_trunc_mean,rna_trunc_std,stop_time_mean,stop_time_std,total_mg_fed_mean,total_mg_fed_std,total_ntp_fed_mean,total_ntp_fed_std,total_reward_mean,total_reward_std
0.3578052689179778,0.1902307070618351,0.8994398171782494,0.032446492777897996,ppo,0.0018612685947176943,0.008579194648221475,noisy_missing,7.449684472465515,0.11398871634038887,discrete_mlp_ppo,0.5931595118403434,0.16381167640670657,0.8462965662062168,0.22841086230651073,1.0577414430737495,0.3048809725428852,0.11942542878240348,0.055343725807529956,64.0,0.0,0.2857600061684847,0.13859677107282667,2.3385114422559736,1.4331052035725385,5.713985678195954,1.8278327996414139
