enzyme_mean,enzyme_std,integrity_mean,integrity_std,method,mg_ppi_mean,mg_ppi_std,obs_mode,ph_mean,ph_std,policy,ppi_mean,ppi_std,qa_yield_mean,qa_yield_std,rna_full_mean,rna_full_std,rna_trunc_mean,rna_trunc_std,stop_time_mean,stop_time_std,total_mg_fed_mean,total_mg_fed_std,total_ntp_fed_mean,total_ntp_fed_std,total_reward_mean,total_reward_std
0.35840725482702257,0.18610429291266534,0.8987064428687096,0.0323378114097789,ppo,0.2549492841897794,0.17733255310159202,cheap_pat,7.4523736506462095,0.11684464470089845,discrete_mlp_ppo,0.39878185294866564,0.12438513408247757,0.8105532678484917,0.19832443023791915,1.167654302072525,0.3862202612882974,0.13282441466711462,0.06496684722538455,64.0,0.0,1.9919554333209992,1.3542057663002476,4.786539547920227,0.6823985696328586,4.788741639685631,1.8236460503154386
