enzyme_mean,enzyme_std,integrity_mean,integrity_std,method,mg_ppi_mean,mg_ppi_std,obs_mode,ph_mean,ph_std,policy,ppi_mean,ppi_std,qa_yield_mean,qa_yield_std,rna_full_mean,rna_full_std,rna_trunc_mean,rna_trunc_std,stop_time_mean,stop_time_std,total_mg_fed_mean,total_mg_fed_std,total_ntp_fed_mean,total_ntp_fed_std,total_reward_mean,total_reward_std
0.35840725482702257,0.18610429291266534,0.8976822365760804,0.0324438407068026,ppo,0.0001471354417706607,0.0023747657631794017,oracle,7.450013044357299,0.11611459014977532,discrete_mlp_ppo,0.59667266997993,0.18050464735482116,0.8443295036256313,0.24508782348342878,1.0587860320270062,0.33297363010405784,0.1221435260489583,0.05888030748150191,64.0,0.0,0.20647997885644437,0.23663219996799167,4.1657059290647505,0.904729149043702,5.446575047492981,1.9091806876272908
