enzyme_mean,enzyme_std,integrity_mean,integrity_std,method,mg_ppi_mean,mg_ppi_std,obs_mode,ph_mean,ph_std,policy,ppi_mean,ppi_std,qa_yield_mean,qa_yield_std,rna_full_mean,rna_full_std,rna_trunc_mean,rna_trunc_std,stop_time_mean,stop_time_std,total_mg_fed_mean,total_mg_fed_std,total_ntp_fed_mean,total_ntp_fed_std,total_reward_mean,total_reward_std
0.35840725482702257,0.18610429291266534,0.8971708114147187,0.03246524164993991,ppo,0.011901759139864613,0.02172964935298647,oracle,7.447903477191925,0.11620023655011329,discrete_mlp_ppo,0.6143121992468834,0.18177849118328857,0.8787806463301182,0.24437934224656077,1.1129645591497421,0.333352207111751,0.12906432921662928,0.06060611659012255,64.0,0.0,0.523263981243968,0.17329882341721986,4.322421784329414,0.8241854459800678,5.660027868664264,1.9150917709362179
