enzyme_mean,enzyme_std,integrity_mean,integrity_std,method,mg_ppi_mean,mg_ppi_std,obs_mode,ph_mean,ph_std,policy,ppi_mean,ppi_std,qa_yield_mean,qa_yield_std,rna_full_mean,rna_full_std,rna_trunc_mean,rna_trunc_std,stop_time_mean,stop_time_std,total_mg_fed_mean,total_mg_fed_std,total_ntp_fed_mean,total_ntp_fed_std,total_reward_mean,total_reward_std
0.35840725482702257,0.18610429291266534,0.8985074520468712,0.03236730395746499,ppo,0.0008267639956578933,0.004021660284618429,oracle,7.453538423442841,0.11589152475062409,discrete_mlp_ppo,0.5509166402459145,0.15197242368888894,0.7858278442323208,0.2133749748012517,0.9760270005822181,0.28106314950218564,0.11140529224425555,0.0513150584788667,64.0,0.0,0.39186798251122235,0.15337567505040361,0.3048900201886892,0.12188340057598611,5.593715138888359,1.561669910937021
