enzyme_mean,enzyme_std,integrity_mean,integrity_std,method,mg_ppi_mean,mg_ppi_std,obs_mode,ph_mean,ph_std,policy,ppi_mean,ppi_std,qa_yield_mean,qa_yield_std,rna_full_mean,rna_full_std,rna_trunc_mean,rna_trunc_std,stop_time_mean,stop_time_std,total_mg_fed_mean,total_mg_fed_std,total_ntp_fed_mean,total_ntp_fed_std,total_reward_mean,total_reward_std
0.35840725482702257,0.18610429291266534,0.8973761617183685,0.03239246062906865,ppo,0.056725575970417504,0.040798390462398755,oracle,7.44857959690094,0.11592963856419253,discrete_mlp_ppo,0.5752351438790559,0.1891782923078966,0.8697669953525067,0.24594320607737594,1.124037318944931,0.3372277321569319,0.13009563170447946,0.06119452563137472,64.0,0.0,0.713724028635025,0.2647129946455241,2.263999504554272,0.6586517164535409,5.840389922142029,1.950288529252552
