enzyme_mean,enzyme_std,integrity_mean,integrity_std,method,mg_ppi_mean,mg_ppi_std,obs_mode,ph_mean,ph_std,policy,ppi_mean,ppi_std,qa_yield_mean,qa_yield_std,rna_full_mean,rna_full_std,rna_trunc_mean,rna_trunc_std,stop_time_mean,stop_time_std,total_mg_fed_mean,total_mg_fed_std,total_ntp_fed_mean,total_ntp_fed_std,total_reward_mean,total_reward_std
0.35840725482702257,0.18610429291266534,0.8972593670606613,0.032449813997337845,ppo,0.02240238211135711,0.0375254568640071,cheap_pat,7.448147643280029,0.11611762719221717,discrete_mlp_ppo,0.6055868317216635,0.1803668425605075,0.8749835906803608,0.24970295403239015,1.1163722041666508,0.3527736870066401,0.12929779164642097,0.06210218111718649,64.0,0.0,0.4897919420182705,0.08035203011232706,7.679994583129883,0.0,5.288174502968788,1.8522813393069815
