enzyme_mean,enzyme_std,integrity_mean,integrity_std,method,mg_ppi_mean,mg_ppi_std,obs_mode,ph_mean,ph_std,policy,ppi_mean,ppi_std,qa_yield_mean,qa_yield_std,rna_full_mean,rna_full_std,rna_trunc_mean,rna_trunc_std,stop_time_mean,stop_time_std,total_mg_fed_mean,total_mg_fed_std,total_ntp_fed_mean,total_ntp_fed_std,total_reward_mean,total_reward_std
0.35840725482702257,0.18610429291266534,0.8973298582553864,0.03243737768388185,ppo,0.057235326551322484,0.06520474867873384,delayed_atline,7.448144060707092,0.116153569098092,discrete_mlp_ppo,0.5829707051903009,0.17926347213862298,0.8762722458302975,0.2471929755599436,1.1393000676691531,0.3607662927525147,0.1317992204193026,0.06327772297720696,64.0,0.0,0.6554680385291577,0.09111270396990226,4.993502046775818,1.0242848038482106,5.537882024300099,1.983986166551506
