enzyme_mean,enzyme_std,integrity_mean,integrity_std,method,mg_ppi_mean,mg_ppi_std,obs_mode,ph_mean,ph_std,policy,ppi_mean,ppi_std,qa_yield_mean,qa_yield_std,rna_full_mean,rna_full_std,rna_trunc_mean,rna_trunc_std,stop_time_mean,stop_time_std,total_mg_fed_mean,total_mg_fed_std,total_ntp_fed_mean,total_ntp_fed_std,total_reward_mean,total_reward_std
0.35840725482702257,0.18610429291266534,0.8985022827506065,0.032352262144836864,ppo,1.7779478523880243e-05,0.0006490640072892078,oracle,7.4535578663825985,0.11641170891088264,discrete_mlp_ppo,0.5546974800914526,0.17168937680068594,0.788974360126257,0.23718691158244215,0.9817618506669998,0.31709178018087625,0.11209856869559735,0.05434633222648623,64.0,0.0,0.06627199433147907,0.1197758245753268,1.6498895042181014,0.18932932504489502,5.423688151979446,1.7779340510444392
