enzyme_mean,enzyme_std,integrity_mean,integrity_std,method,mg_ppi_mean,mg_ppi_std,obs_mode,ph_mean,ph_std,policy,ppi_mean,ppi_std,qa_yield_mean,qa_yield_std,rna_full_mean,rna_full_std,rna_trunc_mean,rna_trunc_std,stop_time_mean,stop_time_std,total_mg_fed_mean,total_mg_fed_std,total_ntp_fed_mean,total_ntp_fed_std,total_reward_mean,total_reward_std
0.35840725482702257,0.18610429291266534,0.8984517831802368,0.03236871977703076,ppo,0.0,0.0,oracle,7.453035543823242,0.11643151316090905,discrete_mlp_ppo,0.556457605138421,0.16170012532880873,0.7915806524276734,0.22433328896172913,0.9844640480577945,0.297644427274139,0.11248771446943283,0.05311390744390047,64.0,0.0,0.04692799728810787,0.07925236829242509,4.200069861233234,1.6459236159014277,5.071049415886402,1.829257195697347
