enzyme_mean,enzyme_std,integrity_mean,integrity_std,method,mg_ppi_mean,mg_ppi_std,obs_mode,ph_mean,ph_std,policy,ppi_mean,ppi_std,qa_yield_mean,qa_yield_std,rna_full_mean,rna_full_std,rna_trunc_mean,rna_trunc_std,stop_time_mean,stop_time_std,total_mg_fed_mean,total_mg_fed_std,total_ntp_fed_mean,total_ntp_fed_std,total_reward_mean,total_reward_std
0.35840725482702257,0.18610429291266534,0.8975878071069717,0.03244280206506326,ppo,7.253068341415201e-05,0.0009597078767893457,oracle,7.44972021074295,0.11601582668679548,discrete_mlp_ppo,0.6003349447727203,0.1722520760607165,0.8499217244505882,0.23555179885079425,1.0654928534328938,0.31717975773205775,0.12296916303187609,0.05763832047382616,64.0,0.0,0.29067597483843566,0.14654307732887548,2.5468431998848917,1.330801956999609,5.716134807229042,1.871968516381991
