enzyme_mean,enzyme_std,integrity_mean,integrity_std,method,mg_ppi_mean,mg_ppi_std,obs_mode,ph_mean,ph_std,policy,ppi_mean,ppi_std,qa_yield_mean,qa_yield_std,rna_full_mean,rna_full_std,rna_trunc_mean,rna_trunc_std,stop_time_mean,stop_time_std,total_mg_fed_mean,total_mg_fed_std,total_ntp_fed_mean,total_ntp_fed_std,total_reward_mean,total_reward_std
0.35840725482702257,0.18610429291266534,0.8985377474188805,0.03232856052900582,ppo,0.0,0.0,oracle,7.453621546840668,0.11623513606002155,discrete_mlp_ppo,0.5506351432859897,0.1512995168639305,0.7847807639837265,0.2120294350697903,0.9740486153960228,0.2791852680839638,0.11098535916041583,0.05047290803219449,64.0,0.0,0.05604400076419115,0.07603569206000277,3.1823381564974786,0.15177183454040352,5.166615071773529,1.568162980944816
