enzyme_mean,enzyme_std,integrity_mean,integrity_std,method,mg_ppi_mean,mg_ppi_std,obs_mode,ph_mean,ph_std,policy,ppi_mean,ppi_std,qa_yield_mean,qa_yield_std,rna_full_mean,rna_full_std,rna_trunc_mean,rna_trunc_std,stop_time_mean,stop_time_std,total_mg_fed_mean,total_mg_fed_std,total_ntp_fed_mean,total_ntp_fed_std,total_reward_mean,total_reward_std
0.35840725482702257,0.18610429291266534,0.8982161070346832,0.03243503759476336,ppo,0.0,0.0,oracle,7.452409599304199,0.11617618755587307,discrete_mlp_ppo,0.5674675403177738,0.16156272502191574,0.8066676117002964,0.2230144692840081,1.0050510402202606,0.2964455767562613,0.11535099405292422,0.05461721353006228,64.0,0.0,0.17551198120564224,0.17852816036488303,4.898991221249103,1.7792242910184939,5.09375279405117,1.8291226607232152
